inventory_id,location,item_code,item_name,quantity,average_rate_usd,value_usd
22874,DEPOT KIWELE,GC102,GC BBC1,0.000,187.55,0.00000
22865,DEPOT KIWELE,GC103,GC BBC2,0.000,111.05,0.00000
22867,DEPOT KIWELE,GC104,GC BELT#3,0.000,52.55,0.00000
22866,DEPOT KIWELE,GC105,GC BELT-New Grade,0.000,102.05,0.00000
22840,DEPOT KIWELE,GC106,GC Big SIze Men 1,0.000,180.05,0.00000
22855,DEPOT KIWELE,GC107,GC Big Size Sports Shoes(1+2),0.000,130.05,0.00000
22824,DEPOT KIWELE,GC108,GC C3,0.000,67.55,0.00000
22825,DEPOT KIWELE,GC109,GC C4,0.000,30.05,0.00000
22826,DEPOT KIWELE,GC110,GC CB1,0.000,195.05,0.00000
22827,DEPOT KIWELE,GC111,GC CB2,0.000,105.05,0.00000
22828,DEPOT KIWELE,GC113,GC CB3,0.000,62.55,0.00000
22873,DEPOT KIWELE,GC117,GC Cream Ladies Shoes,0.000,255.20,0.00000
22861,DEPOT KIWELE,GC118,GC Crocs No.1,0.000,90.05,0.00000
22862,DEPOT KIWELE,GC119,GC Crocs No.2,0.000,52.55,0.00000
22848,DEPOT KIWELE,GC120,GC Golf Men Shoes,0.000,80.05,0.00000
22863,DEPOT KIWELE,GC121,GC Gum Boots Adults,0.000,44.05,0.00000
22870,DEPOT KIWELE,GC122,GC Hand bag A,0.000,90.80,0.00000
22871,DEPOT KIWELE,GC123,GC HB2 (New Grade),0.000,75.05,0.00000
22872,DEPOT KIWELE,GC124,GC HB3,0.000,47.55,0.00000
22836,DEPOT KIWELE,GC125,GC Ladies2-Close,0.000,80.05,0.00000
22838,DEPOT KIWELE,GC126,GC Ladies2-Mix New Grade,0.000,52.55,0.00000
22837,DEPOT KIWELE,GC127,GC Ladies2-Open,0.000,140.05,0.00000
22875,DEPOT KIWELE,GC128,GC Laptop Bags#1,0.000,90.05,0.00000
22876,DEPOT KIWELE,GC129,GC Laptop Bags#2,0.000,30.05,0.00000
22834,DEPOT KIWELE,GC130,GC LHH Bulky Shoes A,0.000,92.55,0.00000
22835,DEPOT KIWELE,GC131,GC LHH Bulky Shoes B,0.000,42.55,0.00000
22841,DEPOT KIWELE,GC133,GC M1,0.000,280.05,0.00000
22842,DEPOT KIWELE,GC134,GC M2,0.000,173.80,0.00000
22843,DEPOT KIWELE,GC135,GC M3,0.000,105.05,0.00000
22844,DEPOT KIWELE,GC136,GC M4,0.000,55.05,0.00000
22845,DEPOT KIWELE,GC137,GC MB1,0.000,230.05,0.00000
22846,DEPOT KIWELE,GC138,GC MB2,0.000,123.80,0.00000
22847,DEPOT KIWELE,GC139,GC MB3,0.000,63.80,0.00000
22833,DEPOT KIWELE,GC140,GC N1131-L2+G3+G4 Mix Bags,0.000,58.05,0.00000
22839,DEPOT KIWELE,GC141,GC RollerShoes,0.000,77.55,0.00000
22856,DEPOT KIWELE,GC142,GC S3,0.000,127.55,0.00000
22857,DEPOT KIWELE,GC143,GC S4,0.000,55.05,0.00000
22849,DEPOT KIWELE,GC144,GC SAFETY BOOT 1,0.000,185.05,0.00000
22850,DEPOT KIWELE,GC145,GC SAFETY BOOT 2,0.000,111.30,0.00000
22851,DEPOT KIWELE,GC146,GC SAFETY BOOT 3,0.000,63.80,0.00000
22852,DEPOT KIWELE,GC147,GC SANDAL 1,0.000,347.03,0.00000
22853,DEPOT KIWELE,GC148,GC Sandal2 Men,0.000,230.05,0.00000
22854,DEPOT KIWELE,GC149,GC Sandal 3,0.000,103.28,0.00000
22858,DEPOT KIWELE,GC150,GC SB1,0.000,286.30,0.00000
22859,DEPOT KIWELE,GC151,GC SB2,0.000,161.30,0.00000
22860,DEPOT KIWELE,GC153,GC SS Mix (Slipper Sandal),0.000,79.55,0.00000
22869,DEPOT KIWELE,GC154,GC Travel Bag Big,0.000,183.05,0.00000
22868,DEPOT KIWELE,GC155,GC TRAVEL BAG NO.1,0.000,133.55,0.00000
22864,DEPOT KIWELE,GC156,GC Used Wool Caps,0.000,54.05,0.00000
22829,DEPOT KIWELE,GC158,GC Winter CB2,0.000,70.05,0.00000
22830,DEPOT KIWELE,GC159,GC Winter CB3,0.000,36.30,0.00000
22831,DEPOT KIWELE,GC160,GC Winter MB2,0.000,98.80,0.00000
22832,DEPOT KIWELE,GC161,GC Winter MB3,0.000,45.05,0.00000
23790,Hadi 1,EG15634,EG Winter Cap #1 40 KGS,0.000,0.00,0.00000
20085,Hadi 1,GC101,GC Army Boots,0.000,0.00,0.00000
20086,Hadi 1,GC102,GC BBC1,0.000,185.36,0.00000
20087,Hadi 1,GC103,GC BBC2,15.000,109.18,1637.70000
21627,Hadi 1,GC104,GC BELT#3,0.000,49.70,0.00000
20088,Hadi 1,GC105,GC BELT-New Grade,0.000,99.20,0.00000
20089,Hadi 1,GC106,GC Big SIze Men 1,0.000,178.17,0.00000
20090,Hadi 1,GC107,GC Big Size Sports Shoes(1+2),0.000,0.00,0.00000
20091,Hadi 1,GC108,GC C3,122.000,65.66,8010.52000
20092,Hadi 1,GC109,GC C4,0.000,28.22,0.00000
20093,Hadi 1,GC110,GC CB1,357.000,192.68,68786.76000
20094,Hadi 1,GC111,GC CB2,322.000,102.22,32914.84000
20095,Hadi 1,GC113,GC CB3,489.000,59.46,29075.94000
20096,Hadi 1,GC115,GC Cream-Boots-Child,0.000,325.18,0.00000
20097,Hadi 1,GC116,GC Cream-Boots-Men,0.000,361.34,0.00000
20098,Hadi 1,GC117,GC Cream Ladies Shoes,2.000,252.81,505.62000
20099,Hadi 1,GC118,GC Crocs No.1,0.000,88.06,0.00000
20100,Hadi 1,GC119,GC Crocs No.2,12.000,50.49,605.88000
20101,Hadi 1,GC120,GC Golf Men Shoes,0.000,77.85,0.00000
20102,Hadi 1,GC121,GC Gum Boots Adults,31.000,42.38,1313.78000
20103,Hadi 1,GC122,GC Hand bag A,0.000,88.82,0.00000
20104,Hadi 1,GC123,GC HB2 (New Grade),5.000,73.09,365.45000
20105,Hadi 1,GC124,GC HB3,0.000,45.41,0.00000
20106,Hadi 1,GC125,GC Ladies2-Close,81.000,77.48,6275.88000
20107,Hadi 1,GC126,GC Ladies2-Mix New Grade,39.000,50.54,1971.06000
20108,Hadi 1,GC127,GC Ladies2-Open,0.000,137.95,0.00000
20109,Hadi 1,GC128,GC Laptop Bags#1,0.000,90.05,0.00000
20110,Hadi 1,GC129,GC Laptop Bags#2,0.000,29.34,0.00000
20111,Hadi 1,GC130,GC LHH Bulky Shoes A,0.000,90.35,0.00000
20112,Hadi 1,GC131,GC LHH Bulky Shoes B,9.000,41.19,370.71000
20113,Hadi 1,GC133,GC M1,27.000,278.63,7523.01000
20114,Hadi 1,GC134,GC M2,165.000,171.46,28290.90000
20115,Hadi 1,GC135,GC M3,597.000,101.43,60553.71000
20116,Hadi 1,GC136,GC M4,85.000,52.89,4495.65000
20117,Hadi 1,GC137,GC MB1,6.000,228.11,1368.66000
20118,Hadi 1,GC138,GC MB2,68.000,121.25,8245.00000
20119,Hadi 1,GC139,GC MB3,340.000,59.21,20131.40000
20120,Hadi 1,GC140,GC N1131-L2+G3+G4 Mix Bags,0.000,56.24,0.00000
20121,Hadi 1,GC141,GC RollerShoes,26.000,75.66,1967.16000
20122,Hadi 1,GC142,GC S3,6.000,125.58,753.48000
20123,Hadi 1,GC143,GC S4,178.000,51.46,9159.88000
20124,Hadi 1,GC144,GC SAFETY BOOT 1,0.000,183.11,0.00000
20125,Hadi 1,GC145,GC SAFETY BOOT 2,0.000,109.50,0.00000
20126,Hadi 1,GC146,GC SAFETY BOOT 3,1.000,61.73,61.73000
20127,Hadi 1,GC147,GC SANDAL 1,0.000,346.60,0.00000
20128,Hadi 1,GC148,GC Sandal2 Men,0.000,227.85,0.00000
20129,Hadi 1,GC149,GC Sandal 3,0.000,102.85,0.00000
20130,Hadi 1,GC150,GC SB1,0.000,284.10,0.00000
20131,Hadi 1,GC151,GC SB2,0.000,159.10,0.00000
20132,Hadi 1,GC152,GC SchoolBag No.1,0.000,178.19,0.00000
20133,Hadi 1,GC153,GC SS Mix (Slipper Sandal),6.000,77.60,465.60000
20134,Hadi 1,GC154,GC Travel Bag Big,0.000,181.14,0.00000
20135,Hadi 1,GC155,GC TRAVEL BAG NO.1,0.000,131.76,0.00000
21626,Hadi 1,GC156,GC Used Wool Caps,0.000,53.17,0.00000
20136,Hadi 1,GC158,GC Winter CB2,341.000,68.44,23338.04000
20137,Hadi 1,GC159,GC Winter CB3,1004.000,33.97,34105.88000
20138,Hadi 1,GC160,GC Winter MB2,0.000,96.81,0.00000
20139,Hadi 1,GC161,GC Winter MB3,438.000,40.91,17918.58000
20166,Hadi 2,GC103,GC BBC2,0.000,106.71,0.00000
20167,Hadi 2,GC109,GC C4,0.000,25.75,0.00000
20168,Hadi 2,GC110,GC CB1,9.000,190.75,1716.75000
20169,Hadi 2,GC113,GC CB3,0.000,57.98,0.00000
20170,Hadi 2,GC125,GC Ladies2-Close,0.000,75.55,0.00000
20171,Hadi 2,GC126,GC Ladies2-Mix New Grade,30.000,50.53,1515.90000
20172,Hadi 2,GC135,GC M3,22.000,101.43,2231.46000
20173,Hadi 2,GC136,GC M4,5.000,49.79,248.95000
20174,Hadi 2,GC138,GC MB2,0.000,119.50,0.00000
20175,Hadi 2,GC139,GC MB3,0.000,59.41,0.00000
20176,Hadi 2,GC140,GC N1131-L2+G3+G4 Mix Bags,0.000,55.38,0.00000
20177,Hadi 2,GC141,GC RollerShoes,0.000,73.23,0.00000
20178,Hadi 2,GC143,GC S4,0.000,51.42,0.00000
20179,Hadi 2,GC147,GC SANDAL 1,0.000,344.39,0.00000
20180,Hadi 2,GC158,GC Winter CB2,0.000,65.75,0.00000
20181,Hadi 2,GC159,GC Winter CB3,78.000,32.00,2496.00000
20182,Hadi 2,GC160,GC Winter MB2,0.000,94.48,0.00000
20183,Hadi 2,GC161,GC Winter MB3,23.000,40.75,937.25000
23792,Hadi 2,GS30015,GS Mix Hodded & joging III 45 KGS,0.000,0.00,0.00000
21021,Kolwezi,GC108,GC C3,0.000,65.79,0.00000
21022,Kolwezi,GC109,GC C4,10.000,28.22,282.20000
21023,Kolwezi,GC113,GC CB3,0.000,58.34,0.00000
21559,Kolwezi,GC115,GC Cream-Boots-Child,0.000,325.18,0.00000
21560,Kolwezi,GC117,GC Cream Ladies Shoes,2.000,252.22,504.44000
23505,Kolwezi,GC121,GC Gum Boots Adults,5.000,42.48,212.40000
23506,Kolwezi,GC122,GC Hand bag A,0.000,88.82,0.00000
23788,Kolwezi,GC123,GC HB2 (New Grade),4.000,73.09,292.36000
22251,Kolwezi,GC124,GC HB3,2.000,45.41,90.82000
21561,Kolwezi,GC126,GC Ladies2-Mix New Grade,52.000,50.52,2627.04000
23507,Kolwezi,GC127,GC Ladies2-Open,0.000,138.00,0.00000
22003,Kolwezi,GC128,GC Laptop Bags#1,0.000,86.08,0.00000
22004,Kolwezi,GC129,GC Laptop Bags#2,0.000,26.00,0.00000
23508,Kolwezi,GC138,GC MB2,6.000,121.11,726.66000
21562,Kolwezi,GC143,GC S4,91.000,51.46,4682.86000
23509,Kolwezi,GC153,GC SS Mix (Slipper Sandal),11.000,77.63,853.93000
21621,Kolwezi,GC161,GC Winter MB3,28.000,40.73,1140.44000
